X,Y,TimeInstan,position,presenceSt,type,id,latitude,longitude,sensor_id
-3.801594079,43.463083899,2015-12-28T08:49:34.000Z,"43.463083899,-3.801594079",true,urn:smartsantander:entityType:parkingSensor,urn:x-iot:smartsantander:u7jcfa:fixed:np3630,43.463083898999997,-3.801594079000000,daoiz_velarde_13_15
-3.801645711,43.463077572,2015-12-26T13:44:48.000Z,"43.463077572,-3.801645711",true,urn:smartsantander:entityType:parkingSensor,urn:x-iot:smartsantander:u7jcfa:fixed:np3629,43.463077572000003,-3.801645711000000,daoiz_velarde_13_15
-3.801704049,43.463072218,2015-12-28T08:36:40.000Z,"43.463072218,-3.801704049",true,urn:smartsantander:entityType:parkingSensor,urn:x-iot:smartsantander:u7jcfa:fixed:np3628,43.463072218000001,-3.801704049000000,daoiz_velarde_13_15
-3.801763058,43.463064918,2015-12-27T22:27:33.000Z,"43.463064918,-3.801763058",true,urn:smartsantander:entityType:parkingSensor,urn:x-iot:smartsantander:u7jcfa:fixed:np3627,43.463064918000001,-3.801763058000000,daoiz_velarde_13
-3.801823407,43.463061511,2015-12-28T07:39:20.000Z,"43.463061511,-3.801823407",true,urn:smartsantander:entityType:parkingSensor,urn:x-iot:smartsantander:u7jcfa:fixed:np3626,43.463061510999999,-3.801823407000000,daoiz_velarde_13
-3.801886439,43.463054697,2015-12-08T09:55:15.000Z,"43.463054697,-3.801886439",true,urn:smartsantander:entityType:parkingSensor,urn:x-iot:smartsantander:u7jcfa:fixed:np3625,43.463054696999997,-3.801886439000000,daoiz_velarde_13
-3.801953495,43.463048857,2015-12-28T05:43:39.000Z,"43.463048857,-3.801953495",true,urn:smartsantander:entityType:parkingSensor,urn:x-iot:smartsantander:u7jcfa:fixed:np3624,43.463048856999997,-3.801953495000000,daoiz_velarde_13
-3.802011833,43.46304253,2015-12-28T08:25:28.000Z,"43.463042530,-3.802011833",true,urn:smartsantander:entityType:parkingSensor,urn:x-iot:smartsantander:u7jcfa:fixed:np3623,43.463042530000003,-3.802011833000000,daoiz_velarde_13
-3.802059442,43.463036203,2015-12-28T07:09:10.000Z,"43.463036203,-3.802059442",true,urn:smartsantander:entityType:parkingSensor,urn:x-iot:smartsantander:u7jcfa:fixed:np3622,43.463036203000001,-3.802059442000000,daoiz_velarde_13
-3.802122474,43.463029876,2015-12-28T07:38:22.000Z,"43.463029876,-3.802122474",true,urn:smartsantander:entityType:parkingSensor,urn:x-iot:smartsantander:u7jcfa:fixed:np3621,43.463029876000000,-3.802122474000000,daoiz_velarde_11
-3.802177459,43.463023548,2015-12-27T21:30:42.000Z,"43.463023548,-3.802177459",true,urn:smartsantander:entityType:parkingSensor,urn:x-iot:smartsantander:u7jcfa:fixed:np3620,43.463023548000002,-3.802177459000000,daoiz_velarde_11
-3.802238479,43.463017708,2015-12-28T07:38:32.000Z,"43.463017708,-3.802238479",true,urn:smartsantander:entityType:parkingSensor,urn:x-iot:smartsantander:u7jcfa:fixed:np3619,43.463017708000002,-3.802238479000000,daoiz_velarde_11
-3.802311569,43.463010408,2015-12-09T06:44:55.000Z,"43.463010408,-3.802311569",true,urn:smartsantander:entityType:parkingSensor,urn:x-iot:smartsantander:u7jcfa:fixed:np3618,43.463010408000002,-3.802311569000000,daoiz_velarde_11
-3.802369237,43.463007001,2015-12-25T17:26:52.000Z,"43.463007001,-3.802369237",true,urn:smartsantander:entityType:parkingSensor,urn:x-iot:smartsantander:u7jcfa:fixed:np3617,43.463007001000001,-3.802369237000000,daoiz_velarde_11
-3.802423552,43.463002134,2015-12-25T17:28:06.000Z,"43.463002134,-3.802423552",true,urn:smartsantander:entityType:parkingSensor,urn:x-iot:smartsantander:u7jcfa:fixed:np3616,43.463002134000000,-3.802423552000000,daoiz_velarde_11
-3.803205416,43.462925235,2015-12-28T07:43:40.000Z,"43.462925235,-3.803205416",true,urn:smartsantander:entityType:parkingSensor,urn:x-iot:smartsantander:u7jcfa:fixed:np3615,43.462925235000000,-3.803205416000000,daoiz_velarde_1_5
-3.803268448,43.462917935,2015-12-28T05:36:59.000Z,"43.462917935,-3.803268448",true,urn:smartsantander:entityType:parkingSensor,urn:x-iot:smartsantander:u7jcfa:fixed:np3614,43.462917935000000,-3.803268448000000,daoiz_velarde_1_5
-3.803329468,43.462913068,2015-12-28T08:20:36.000Z,"43.462913068,-3.803329468",true,urn:smartsantander:entityType:parkingSensor,urn:x-iot:smartsantander:u7jcfa:fixed:np3613,43.462913067999999,-3.803329468000000,daoiz_velarde_1_5
-3.803390488,43.462907227,2015-12-28T08:17:54.000Z,"43.462907227,-3.803390488",true,urn:smartsantander:entityType:parkingSensor,urn:x-iot:smartsantander:u7jcfa:fixed:np3612,43.462907227000002,-3.803390488000000,daoiz_velarde_1_5
-3.803448156,43.46289944,2015-12-28T08:20:28.000Z,"43.462899440,-3.803448156",true,urn:smartsantander:entityType:parkingSensor,urn:x-iot:smartsantander:u7jcfa:fixed:np3611,43.462899440000001,-3.803448156000000,daoiz_velarde_1_5
-3.803505152,43.4628936,2015-12-28T08:20:12.000Z,"43.462893600,-3.803505152",true,urn:smartsantander:entityType:parkingSensor,urn:x-iot:smartsantander:u7jcfa:fixed:np3610,43.462893600000001,-3.803505152000000,daoiz_velarde_1_5
-3.798491433,43.463096067,2015-12-28T03:27:09.000Z,"43.463096067,-3.798491433",false,urn:smartsantander:entityType:parkingSensor,urn:x-iot:smartsantander:u7jcfa:fixed:np3609,43.463096067000002,-3.798491433000000,hernan_cortes_45_51
-3.798549101,43.4630912,2015-12-28T03:33:19.000Z,"43.463091200,-3.798549101",true,urn:smartsantander:entityType:parkingSensor,urn:x-iot:smartsantander:u7jcfa:fixed:np3608,43.463091200000001,-3.798549101000000,hernan_cortes_45_51
-3.798620179,43.463083899,2015-12-28T07:20:24.000Z,"43.463083899,-3.798620179",true,urn:smartsantander:entityType:parkingSensor,urn:x-iot:smartsantander:u7jcfa:fixed:np3607,43.463083898999997,-3.798620179000000,hernan_cortes_45_51
-3.798686564,43.463079032,2015-12-28T07:07:50.000Z,"43.463079032,-3.798686564",false,urn:smartsantander:entityType:parkingSensor,urn:x-iot:smartsantander:u7jcfa:fixed:np3606,43.463079032000003,-3.798686564000000,hernan_cortes_45_51
-3.798752278,43.463072705,2015-12-28T05:55:36.000Z,"43.463072705,-3.798752278",false,urn:smartsantander:entityType:parkingSensor,urn:x-iot:smartsantander:u7jcfa:fixed:np3605,43.463072705000002,-3.798752278000000,hernan_cortes_45_51
-3.798816651,43.463066378,2015-12-28T06:25:28.000Z,"43.463066378,-3.798816651",false,urn:smartsantander:entityType:parkingSensor,urn:x-iot:smartsantander:u7jcfa:fixed:np3604,43.463066378000001,-3.798816651000000,hernan_cortes_45_51
-3.798878342,43.463060051,2015-12-28T06:43:23.000Z,"43.463060051,-3.798878342",false,urn:smartsantander:entityType:parkingSensor,urn:x-iot:smartsantander:u7jcfa:fixed:np3603,43.463060050999999,-3.798878342000000,hernan_cortes_45_51
-3.798923269,43.463055671,2015-12-28T07:10:42.000Z,"43.463055671,-3.798923269",true,urn:smartsantander:entityType:parkingSensor,urn:x-iot:smartsantander:u7jcfa:fixed:np3602,43.463055670999999,-3.798923269000000,hernan_cortes_45_51
-3.798970208,43.46305129,2015-12-28T07:00:42.000Z,"43.463051290,-3.798970208",false,urn:smartsantander:entityType:parkingSensor,urn:x-iot:smartsantander:u7jcfa:fixed:np3601,43.463051290000003,-3.798970208000000,hernan_cortes_45_51
-3.798428383,43.463653686,1970-01-01T00:00:08.000Z,"43.463653686,-3.798428383",true,urn:smartsantander:entityType:parkingSensor,urn:x-iot:smartsantander:u7jcfa:fixed:np3750,43.463653686000001,-3.798428383000000,gandara_11
-3.798441123,43.463748592,2015-12-27T21:56:47.000Z,"43.463748592,-3.798441123",false,urn:smartsantander:entityType:parkingSensor,urn:x-iot:smartsantander:u7jcfa:fixed:np3749,43.463748592000002,-3.798441123000000,gandara_11
-3.798441123,43.463792881,2015-12-25T17:04:28.000Z,"43.463792881,-3.798441123",true,urn:smartsantander:entityType:parkingSensor,urn:x-iot:smartsantander:u7jcfa:fixed:np3748,43.463792881000003,-3.798441123000000,gandara_11
-3.798421677,43.463622051,2015-12-28T01:45:25.000Z,"43.463622051,-3.798421677",false,urn:smartsantander:entityType:parkingSensor,urn:x-iot:smartsantander:u7jcfa:fixed:np3751,43.463622051000002,-3.798421677000000,gandara_11
-3.799576387,43.46271352,2015-12-27T20:28:23.000Z,"43.462713520,-3.799576387",true,urn:smartsantander:entityType:parkingSensor,urn:x-iot:smartsantander:u7jcfa:fixed:np3826,43.462713520000001,-3.799576387000000,lope_de_vega_5
-3.799583763,43.462758783,2015-12-27T08:16:23.000Z,"43.462758783,-3.799583763",true,urn:smartsantander:entityType:parkingSensor,urn:x-iot:smartsantander:u7jcfa:fixed:np3825,43.462758782999998,-3.799583763000000,lope_de_vega_5
-3.79959248,43.462803073,2015-12-27T21:28:48.000Z,"43.462803073,-3.799592480",true,urn:smartsantander:entityType:parkingSensor,urn:x-iot:smartsantander:u7jcfa:fixed:np3824,43.462803073000003,-3.799592480000000,lope_de_vega_5
-3.799601197,43.462844443,2015-12-28T08:20:12.000Z,"43.462844443,-3.799601197",true,urn:smartsantander:entityType:parkingSensor,urn:x-iot:smartsantander:u7jcfa:fixed:np3823,43.462844443000002,-3.799601197000000,lope_de_vega_5
-3.799608573,43.462884839,2015-12-28T07:50:02.000Z,"43.462884839,-3.799608573",true,urn:smartsantander:entityType:parkingSensor,urn:x-iot:smartsantander:u7jcfa:fixed:np3822,43.462884838999997,-3.799608573000000,lope_de_vega_5
-3.799704462,43.463411933,2015-12-24T11:40:34.000Z,"43.463411933,-3.799704462",true,urn:smartsantander:entityType:parkingSensor,urn:x-iot:smartsantander:u7jcfa:fixed:np3819,43.463411933000003,-3.799704462000000,lope_de_vega_10
-3.799711838,43.463452329,2015-12-24T22:36:14.000Z,"43.463452329,-3.799711838",true,urn:smartsantander:entityType:parkingSensor,urn:x-iot:smartsantander:u7jcfa:fixed:np3818,43.463452328999999,-3.799711838000000,lope_de_vega_10
-3.799720556,43.463492725,2015-07-26T20:42:58.000Z,"43.463492725,-3.799720556",true,urn:smartsantander:entityType:parkingSensor,urn:x-iot:smartsantander:u7jcfa:fixed:np3817,43.463492725000002,-3.799720556000000,lope_de_vega_10
-3.799729273,43.463539447,2015-12-27T23:45:01.000Z,"43.463539447,-3.799729273",true,urn:smartsantander:entityType:parkingSensor,urn:x-iot:smartsantander:u7jcfa:fixed:np3816,43.463539447000002,-3.799729273000000,lope_de_vega_10
-3.799735978,43.463584223,2015-12-28T00:00:24.000Z,"43.463584223,-3.799735978",false,urn:smartsantander:entityType:parkingSensor,urn:x-iot:smartsantander:u7jcfa:fixed:np3815,43.463584222999998,-3.799735978000000,lope_de_vega_10
-3.799744025,43.463627052,2015-12-27T20:37:23.000Z,"43.463627052,-3.799744025",true,urn:smartsantander:entityType:parkingSensor,urn:x-iot:smartsantander:u7jcfa:fixed:np3814,43.463627052000000,-3.799744025000000,lope_de_vega_10
-3.799785599,43.463868939,2015-12-27T15:27:37.000Z,"43.463868939,-3.799785599",true,urn:smartsantander:entityType:parkingSensor,urn:x-iot:smartsantander:u7jcfa:fixed:np3813,43.463868939000001,-3.799785599000000,lope_de_vega_14
-3.799792305,43.463910795,2015-12-27T21:04:40.000Z,"43.463910795,-3.799792305",true,urn:smartsantander:entityType:parkingSensor,urn:x-iot:smartsantander:u7jcfa:fixed:np3812,43.463910794999997,-3.799792305000000,lope_de_vega_14
-3.799803033,43.463952163,2015-12-27T04:08:21.000Z,"43.463952163,-3.799803033",true,urn:smartsantander:entityType:parkingSensor,urn:x-iot:smartsantander:u7jcfa:fixed:np3811,43.463952163000002,-3.799803033000000,lope_de_vega_14
-3.799808398,43.463992072,2015-12-25T07:39:10.000Z,"43.463992072,-3.799808398",true,urn:smartsantander:entityType:parkingSensor,urn:x-iot:smartsantander:u7jcfa:fixed:np3810,43.463992072000003,-3.799808398000000,lope_de_vega_14
-3.799815103,43.464043175,2015-12-24T05:36:49.000Z,"43.464043175,-3.799815103",true,urn:smartsantander:entityType:parkingSensor,urn:x-iot:smartsantander:u7jcfa:fixed:np3809,43.464043175000000,-3.799815103000000,lope_de_vega_14
-3.799821809,43.464083083,2015-12-28T03:38:22.000Z,"43.464083083,-3.799821809",true,urn:smartsantander:entityType:parkingSensor,urn:x-iot:smartsantander:u7jcfa:fixed:np3808,43.464083082999998,-3.799821809000000,lope_de_vega_14
-3.799827844,43.464125912,2015-12-22T12:04:07.000Z,"43.464125912,-3.799827844",true,urn:smartsantander:entityType:parkingSensor,urn:x-iot:smartsantander:u7jcfa:fixed:np3807,43.464125912000000,-3.799827844000000,lope_de_vega_14
-3.799839243,43.464162901,2015-12-27T19:50:45.000Z,"43.464162901,-3.799839243",true,urn:smartsantander:entityType:parkingSensor,urn:x-iot:smartsantander:u7jcfa:fixed:np3806,43.464162901000002,-3.799839243000000,lope_de_vega_14
-3.799846619,43.464202322,2015-12-22T09:11:18.000Z,"43.464202322,-3.799846619",true,urn:smartsantander:entityType:parkingSensor,urn:x-iot:smartsantander:u7jcfa:fixed:np3805,43.464202321999998,-3.799846619000000,lope_de_vega_14
-3.799510002,43.46271498,2015-12-28T06:42:36.000Z,"43.462714980,-3.799510002",true,urn:smartsantander:entityType:parkingSensor,urn:x-iot:smartsantander:u7jcfa:fixed:np3803,43.462714980000001,-3.799510002000000,lope_de_vega_5
-3.799518049,43.462761704,2015-12-27T18:25:16.000Z,"43.462761704,-3.799518049",true,urn:smartsantander:entityType:parkingSensor,urn:x-iot:smartsantander:u7jcfa:fixed:np3802,43.462761704000002,-3.799518049000000,lope_de_vega_5
-3.799528778,43.462820108,2015-12-27T19:11:00.000Z,"43.462820108,-3.799528778",true,urn:smartsantander:entityType:parkingSensor,urn:x-iot:smartsantander:u7jcfa:fixed:np3801,43.462820108000003,-3.799528778000000,lope_de_vega_5
-3.799538836,43.462863911,2015-12-28T08:12:34.000Z,"43.462863911,-3.799538836",false,urn:smartsantander:entityType:parkingSensor,urn:x-iot:smartsantander:u7jcfa:fixed:np3800,43.462863910999999,-3.799538836000000,lope_de_vega_5
-3.7995442,43.462904794,2015-12-21T17:36:22.000Z,"43.462904794,-3.799544200",true,urn:smartsantander:entityType:parkingSensor,urn:x-iot:smartsantander:u7jcfa:fixed:np3799,43.462904794000004,-3.799544200000000,lope_de_vega_5
-3.799724579,43.463877213,2015-12-16T07:23:43.000Z,"43.463877213,-3.799724579",true,urn:smartsantander:entityType:parkingSensor,urn:x-iot:smartsantander:u7jcfa:fixed:np3788,43.463877213000004,-3.799724579000000,lope_de_vega_14
-3.799733967,43.463914688,2015-12-28T00:38:28.000Z,"43.463914688,-3.799733967",false,urn:smartsantander:entityType:parkingSensor,urn:x-iot:smartsantander:u7jcfa:fixed:np3787,43.463914688000003,-3.799733967000000,lope_de_vega_14
-3.799741343,43.46395849,2015-12-24T16:46:36.000Z,"43.463958490,-3.799741343",true,urn:smartsantander:entityType:parkingSensor,urn:x-iot:smartsantander:u7jcfa:fixed:np3786,43.463958490000003,-3.799741343000000,lope_de_vega_14
-3.799746037,43.463996452,2015-12-20T19:52:55.000Z,"43.463996452,-3.799746037",true,urn:smartsantander:entityType:parkingSensor,urn:x-iot:smartsantander:u7jcfa:fixed:np3785,43.463996452000004,-3.799746037000000,lope_de_vega_14
-3.799751401,43.464036848,2015-12-26T12:47:54.000Z,"43.464036848,-3.799751401",true,urn:smartsantander:entityType:parkingSensor,urn:x-iot:smartsantander:u7jcfa:fixed:np3784,43.464036847999999,-3.799751401000000,lope_de_vega_14
-3.79976213,43.464080163,2015-12-25T11:18:40.000Z,"43.464080163,-3.799762130",true,urn:smartsantander:entityType:parkingSensor,urn:x-iot:smartsantander:u7jcfa:fixed:np3783,43.464080162999998,-3.799762130000000,lope_de_vega_14
-3.799768835,43.464119585,2015-12-28T05:31:45.000Z,"43.464119585,-3.799768835",true,urn:smartsantander:entityType:parkingSensor,urn:x-iot:smartsantander:u7jcfa:fixed:np3782,43.464119584999999,-3.799768835000000,lope_de_vega_14
-3.799778223,43.46415998,2015-12-27T01:05:30.000Z,"43.464159980,-3.799778223",true,urn:smartsantander:entityType:parkingSensor,urn:x-iot:smartsantander:u7jcfa:fixed:np3781,43.464159979999998,-3.799778223000000,lope_de_vega_14
-3.799782917,43.464200376,2015-12-22T10:25:55.000Z,"43.464200376,-3.799782917",true,urn:smartsantander:entityType:parkingSensor,urn:x-iot:smartsantander:u7jcfa:fixed:np3780,43.464200376000001,-3.799782917000000,lope_de_vega_14
-3.799787611,43.464245638,2015-12-16T08:42:12.000Z,"43.464245638,-3.799787611",true,urn:smartsantander:entityType:parkingSensor,urn:x-iot:smartsantander:u7jcfa:fixed:np3779,43.464245638000001,-3.799787611000000,lope_de_vega_14
-3.798339218,43.462829842,2015-12-28T00:01:12.000Z,"43.462829842,-3.798339218",false,urn:smartsantander:entityType:parkingSensor,urn:x-iot:smartsantander:u7jcfa:fixed:np3778,43.462829841999998,-3.798339218000000,gandara_4
-3.798347935,43.462873645,2015-12-28T00:01:16.000Z,"43.462873645,-3.798347935",false,urn:smartsantander:entityType:parkingSensor,urn:x-iot:smartsantander:u7jcfa:fixed:np3777,43.462873645000002,-3.798347935000000,gandara_4
-3.79835397,43.462913068,2015-12-27T09:20:06.000Z,"43.462913068,-3.798353970",true,urn:smartsantander:entityType:parkingSensor,urn:x-iot:smartsantander:u7jcfa:fixed:np3776,43.462913067999999,-3.798353970000000,gandara_4
-3.798360676,43.462950543,2015-12-28T04:32:35.000Z,"43.462950543,-3.798360676",true,urn:smartsantander:entityType:parkingSensor,urn:x-iot:smartsantander:u7jcfa:fixed:np3775,43.462950542999998,-3.798360676000000,gandara_4
-3.798364699,43.462979259,2015-12-26T12:06:30.000Z,"43.462979259,-3.798364699",true,urn:smartsantander:entityType:parkingSensor,urn:x-iot:smartsantander:u7jcfa:fixed:np3774,43.462979259000001,-3.798364699000000,gandara_4
-3.798377064,43.463038483,2015-12-27T22:56:33.000Z,"43.463038483,-3.798377064",true,urn:smartsantander:entityType:parkingSensor,urn:x-iot:smartsantander:u7jcfa:fixed:np3773,43.463038482999998,-3.798377064000000,gandara_4
-3.798410591,43.463224888,2015-12-28T07:02:56.000Z,"43.463224888,-3.798410591",false,urn:smartsantander:entityType:parkingSensor,urn:x-iot:smartsantander:u7jcfa:fixed:np3772,43.463224887999999,-3.798410591000000,gandara_6
-3.798417002,43.463267871,2015-12-28T06:17:27.000Z,"43.463267871,-3.798417002",false,urn:smartsantander:entityType:parkingSensor,urn:x-iot:smartsantander:u7jcfa:fixed:np3771,43.463267870999999,-3.798417002000000,gandara_6
-3.798429367,43.463313467,2015-12-26T13:40:40.000Z,"43.463313467,-3.798429367",true,urn:smartsantander:entityType:parkingSensor,urn:x-iot:smartsantander:u7jcfa:fixed:np3770,43.463313466999999,-3.798429367000000,gandara_6
-3.79843339,43.463344615,2015-12-26T10:20:36.000Z,"43.463344615,-3.798433390",true,urn:smartsantander:entityType:parkingSensor,urn:x-iot:smartsantander:u7jcfa:fixed:np3769,43.463344614999997,-3.798433390000000,gandara_6
-3.798441437,43.463381604,2015-12-28T06:16:53.000Z,"43.463381604,-3.798441437",false,urn:smartsantander:entityType:parkingSensor,urn:x-iot:smartsantander:u7jcfa:fixed:np3768,43.463381603999999,-3.798441437000000,gandara_6
-3.798283,43.462885,2015-12-27T20:02:17.000Z,"43.462885000,-3.798283000",true,urn:smartsantander:entityType:parkingSensor,urn:x-iot:smartsantander:u7jcfa:fixed:np3767,43.462885000000000,-3.798283000000000,gandara_4
-3.798293,43.462931,2015-12-27T13:10:59.000Z,"43.462931000,-3.798293000",true,urn:smartsantander:entityType:parkingSensor,urn:x-iot:smartsantander:u7jcfa:fixed:np3766,43.462930999999998,-3.798293000000000,gandara_4
-3.7983,43.462978,2015-12-27T22:08:11.000Z,"43.462978000,-3.798300000",false,urn:smartsantander:entityType:parkingSensor,urn:x-iot:smartsantander:u7jcfa:fixed:np3765,43.462978000000000,-3.798300000000000,gandara_4
-3.798306,43.463014,2015-12-27T23:25:01.000Z,"43.463014000,-3.798306000",true,urn:smartsantander:entityType:parkingSensor,urn:x-iot:smartsantander:u7jcfa:fixed:np3764,43.463014000000001,-3.798306000000000,gandara_4
-3.798312,43.463036,2015-12-27T23:25:01.000Z,"43.463036000,-3.798312000",true,urn:smartsantander:entityType:parkingSensor,urn:x-iot:smartsantander:u7jcfa:fixed:np3763,43.463036000000002,-3.798312000000000,gandara_4
-3.798347265,43.463233315,2015-12-28T07:14:47.000Z,"43.463233315,-3.798347265",false,urn:smartsantander:entityType:parkingSensor,urn:x-iot:smartsantander:u7jcfa:fixed:np3762,43.463233314999997,-3.798347265000000,gandara_6
-3.798354641,43.463275658,2015-12-25T22:08:12.000Z,"43.463275658,-3.798354641",true,urn:smartsantander:entityType:parkingSensor,urn:x-iot:smartsantander:u7jcfa:fixed:np3761,43.463275658000001,-3.798354641000000,gandara_6
-3.798360005,43.463306807,2015-12-24T11:41:44.000Z,"43.463306807,-3.798360005",true,urn:smartsantander:entityType:parkingSensor,urn:x-iot:smartsantander:u7jcfa:fixed:np3760,43.463306807000002,-3.798360005000000,gandara_6
-3.798369393,43.463341362,2015-11-28T00:05:06.000Z,"43.463341362,-3.798369393",true,urn:smartsantander:entityType:parkingSensor,urn:x-iot:smartsantander:u7jcfa:fixed:np3759,43.463341362000001,-3.798369393000000,gandara_6
-3.798376769,43.463382245,2015-11-19T09:55:20.000Z,"43.463382245,-3.798376769",true,urn:smartsantander:entityType:parkingSensor,urn:x-iot:smartsantander:u7jcfa:fixed:np3758,43.463382244999998,-3.798376769000000,gandara_6
-3.79847534,43.463573516,2015-12-28T00:13:58.000Z,"43.463573516,-3.798475340",false,urn:smartsantander:entityType:parkingSensor,urn:x-iot:smartsantander:u7jcfa:fixed:np3757,43.463573515999997,-3.798475340000000,gandara_11
-3.798482716,43.463611965,2015-12-27T22:31:35.000Z,"43.463611965,-3.798482716",true,urn:smartsantander:entityType:parkingSensor,urn:x-iot:smartsantander:u7jcfa:fixed:np3756,43.463611964999998,-3.798482716000000,gandara_11
-3.798492104,43.463651874,2015-12-05T13:33:20.000Z,"43.463651874,-3.798492104",true,urn:smartsantander:entityType:parkingSensor,urn:x-iot:smartsantander:u7jcfa:fixed:np3755,43.463651874000000,-3.798492104000000,gandara_11
-3.798507821,43.463746139,2015-12-21T09:08:47.000Z,"43.463746139,-3.798507821",true,urn:smartsantander:entityType:parkingSensor,urn:x-iot:smartsantander:u7jcfa:fixed:np3754,43.463746139000001,-3.798507821000000,gandara_11
-3.798515198,43.463790915,2015-12-27T18:59:46.000Z,"43.463790915,-3.798515198",true,urn:smartsantander:entityType:parkingSensor,urn:x-iot:smartsantander:u7jcfa:fixed:np3753,43.463790914999997,-3.798515198000000,gandara_11
-3.798515198,43.464128192,2015-12-27T21:43:12.000Z,"43.464128192,-3.798515198",true,urn:smartsantander:entityType:parkingSensor,urn:x-iot:smartsantander:u7jcfa:fixed:np3747,43.464128191999997,-3.798515198000000,gandara_12_14
-3.798507151,43.464079523,2015-12-27T19:04:08.000Z,"43.464079523,-3.798507151",true,urn:smartsantander:entityType:parkingSensor,urn:x-iot:smartsantander:u7jcfa:fixed:np3745,43.464079523000002,-3.798507151000000,gandara_12_14
-3.798497093,43.464045941,2015-12-23T18:54:02.000Z,"43.464045941,-3.798497093",true,urn:smartsantander:entityType:parkingSensor,urn:x-iot:smartsantander:u7jcfa:fixed:np3746,43.464045941000002,-3.798497093000000,gandara_12_14
-3.798488375,43.464006033,2015-12-27T23:07:27.000Z,"43.464006033,-3.798488375",false,urn:smartsantander:entityType:parkingSensor,urn:x-iot:smartsantander:u7jcfa:fixed:np3744,43.464006032999997,-3.798488375000000,gandara_12_14
-3.798524585,43.464210929,2015-12-27T22:26:31.000Z,"43.464210929,-3.798524585",false,urn:smartsantander:entityType:parkingSensor,urn:x-iot:smartsantander:u7jcfa:fixed:np3743,43.464210928999996,-3.798524585000000,gandara_12_14
-3.798535314,43.464256678,2015-12-27T22:26:15.000Z,"43.464256678,-3.798535314",true,urn:smartsantander:entityType:parkingSensor,urn:x-iot:smartsantander:u7jcfa:fixed:np3742,43.464256677999998,-3.798535314000000,gandara_12_14
-3.798539337,43.464293666,2015-12-05T01:04:16.000Z,"43.464293666,-3.798539337",true,urn:smartsantander:entityType:parkingSensor,urn:x-iot:smartsantander:u7jcfa:fixed:np3741,43.464293666000003,-3.798539337000000,gandara_12_14
-3.798543361,43.464326761,2015-12-03T07:58:34.000Z,"43.464326761,-3.798543361",true,urn:smartsantander:entityType:parkingSensor,urn:x-iot:smartsantander:u7jcfa:fixed:np3740,43.464326761000002,-3.798543361000000,gandara_12_14
-3.798550066,43.464362776,2015-12-27T23:37:31.000Z,"43.464362776,-3.798550066",false,urn:smartsantander:entityType:parkingSensor,urn:x-iot:smartsantander:u7jcfa:fixed:np3739,43.464362776000002,-3.798550066000000,gandara_12_14
-3.798541725,43.462670204,1970-01-01T00:00:08.000Z,"43.462670204,-3.798541725",true,urn:smartsantander:entityType:parkingSensor,urn:x-iot:smartsantander:u7jcfa:fixed:np3738,43.462670203999998,-3.798541725000000,general_mola_31_35
-3.798610121,43.46266485,2015-12-09T14:33:45.000Z,"43.462664850,-3.798610121",true,urn:smartsantander:entityType:parkingSensor,urn:x-iot:smartsantander:u7jcfa:fixed:np3737,43.462664850000003,-3.798610121000000,general_mola_31_35
-3.798664436,43.462658036,1970-01-01T00:00:08.000Z,"43.462658036,-3.798664436",true,urn:smartsantander:entityType:parkingSensor,urn:x-iot:smartsantander:u7jcfa:fixed:np3736,43.462658036000001,-3.798664436000000,general_mola_31_35
-3.798711374,43.462652196,1970-01-01T00:00:08.000Z,"43.462652196,-3.798711374",true,urn:smartsantander:entityType:parkingSensor,urn:x-iot:smartsantander:u7jcfa:fixed:np3735,43.462652196000001,-3.798711374000000,general_mola_31_35
-3.798787817,43.462646355,1970-01-01T00:00:08.000Z,"43.462646355,-3.798787817",true,urn:smartsantander:entityType:parkingSensor,urn:x-iot:smartsantander:u7jcfa:fixed:np3734,43.462646354999997,-3.798787817000000,general_mola_31_35
-3.798849508,43.462641975,2015-12-28T07:48:40.000Z,"43.462641975,-3.798849508",false,urn:smartsantander:entityType:parkingSensor,urn:x-iot:smartsantander:u7jcfa:fixed:np3733,43.462641974999997,-3.798849508000000,general_mola_31_35
-3.798919246,43.462636135,2015-12-15T07:27:12.000Z,"43.462636135,-3.798919246",true,urn:smartsantander:entityType:parkingSensor,urn:x-iot:smartsantander:u7jcfa:fixed:np3732,43.462636134999997,-3.798919246000000,general_mola_31_35
-3.799056709,43.462621534,2015-12-28T07:38:42.000Z,"43.462621534,-3.799056709",true,urn:smartsantander:entityType:parkingSensor,urn:x-iot:smartsantander:u7jcfa:fixed:np3731,43.462621534000000,-3.799056709000000,general_mola_31_35
-3.79914254,43.46261326,2015-12-26T15:07:58.000Z,"43.462613260,-3.799142540",true,urn:smartsantander:entityType:parkingSensor,urn:x-iot:smartsantander:u7jcfa:fixed:np3730,43.462613259999998,-3.799142540000000,general_mola_31_35
-3.799237758,43.462602065,2015-12-28T08:50:06.000Z,"43.462602065,-3.799237758",false,urn:smartsantander:entityType:parkingSensor,urn:x-iot:smartsantander:u7jcfa:fixed:np3729,43.462602064999999,-3.799237758000000,general_mola_31_35
-3.799314871,43.462593791,2015-12-20T07:16:30.000Z,"43.462593791,-3.799314871",true,urn:smartsantander:entityType:parkingSensor,urn:x-iot:smartsantander:u7jcfa:fixed:np3728,43.462593791000003,-3.799314871000000,general_mola_31_35
-3.799685687,43.462561182,2015-12-28T07:01:02.000Z,"43.462561182,-3.799685687",true,urn:smartsantander:entityType:parkingSensor,urn:x-iot:smartsantander:u7jcfa:fixed:np3727,43.462561182000002,-3.799685687000000,general_mola_27_29
-3.799740002,43.462553882,2015-12-28T07:01:04.000Z,"43.462553882,-3.799740002",true,urn:smartsantander:entityType:parkingSensor,urn:x-iot:smartsantander:u7jcfa:fixed:np3726,43.462553882000002,-3.799740002000000,general_mola_27_29
-3.799799681,43.462548041,2015-12-28T08:43:30.000Z,"43.462548041,-3.799799681",true,urn:smartsantander:entityType:parkingSensor,urn:x-iot:smartsantander:u7jcfa:fixed:np3725,43.462548040999998,-3.799799681000000,general_mola_27_29
-3.79986003,43.462543174,2015-12-28T08:38:38.000Z,"43.462543174,-3.799860030",true,urn:smartsantander:entityType:parkingSensor,urn:x-iot:smartsantander:u7jcfa:fixed:np3724,43.462543173999997,-3.799860030000000,general_mola_27_29
-3.799912333,43.462539767,2015-12-28T08:39:06.000Z,"43.462539767,-3.799912333",false,urn:smartsantander:entityType:parkingSensor,urn:x-iot:smartsantander:u7jcfa:fixed:np3723,43.462539767000003,-3.799912333000000,general_mola_27_29
-3.7999814,43.462531007,2015-12-28T08:19:48.000Z,"43.462531007,-3.799981400",true,urn:smartsantander:entityType:parkingSensor,urn:x-iot:smartsantander:u7jcfa:fixed:np3722,43.462531007000003,-3.799981400000000,general_mola_27_29
-3.800196648,43.462510079,2015-11-22T06:54:18.000Z,"43.462510079,-3.800196648",true,urn:smartsantander:entityType:parkingSensor,urn:x-iot:smartsantander:u7jcfa:fixed:np3721,43.462510078999998,-3.800196648000000,general_mola_25_26
-3.800259009,43.462504725,2015-12-28T08:34:26.000Z,"43.462504725,-3.800259009",true,urn:smartsantander:entityType:parkingSensor,urn:x-iot:smartsantander:u7jcfa:fixed:np3720,43.462504725000002,-3.800259009000000,general_mola_25_26
-3.800310642,43.462499858,2015-12-28T07:23:28.000Z,"43.462499858,-3.800310642",false,urn:smartsantander:entityType:parkingSensor,urn:x-iot:smartsantander:u7jcfa:fixed:np3719,43.462499858000001,-3.800310642000000,general_mola_25_26
-3.800364956,43.462494991,2015-12-28T08:36:08.000Z,"43.462494991,-3.800364956",true,urn:smartsantander:entityType:parkingSensor,urn:x-iot:smartsantander:u7jcfa:fixed:np3718,43.462494991000000,-3.800364956000000,general_mola_25_26
-3.800424635,43.46249061,2015-12-27T20:48:02.000Z,"43.462490610,-3.800424635",true,urn:smartsantander:entityType:parkingSensor,urn:x-iot:smartsantander:u7jcfa:fixed:np3717,43.462490610000003,-3.800424635000000,general_mola_24_25
-3.800479621,43.46248185,2015-12-28T07:01:54.000Z,"43.462481850,-3.800479621",true,urn:smartsantander:entityType:parkingSensor,urn:x-iot:smartsantander:u7jcfa:fixed:np3716,43.462481850000003,-3.800479621000000,general_mola_24_25
-3.800532594,43.462479903,2015-12-26T08:34:06.000Z,"43.462479903,-3.800532594",true,urn:smartsantander:entityType:parkingSensor,urn:x-iot:smartsantander:u7jcfa:fixed:np3715,43.462479903000002,-3.800532594000000,general_mola_24_25
-3.800586909,43.462474549,2015-12-28T06:55:20.000Z,"43.462474549,-3.800586909",true,urn:smartsantander:entityType:parkingSensor,urn:x-iot:smartsantander:u7jcfa:fixed:np3714,43.462474549000000,-3.800586909000000,general_mola_24_25
-3.800666034,43.462466762,2015-12-20T12:31:17.000Z,"43.462466762,-3.800666034",true,urn:smartsantander:entityType:parkingSensor,urn:x-iot:smartsantander:u7jcfa:fixed:np3713,43.462466761999998,-3.800666034000000,general_mola_24_25
-3.800733089,43.462459461,2015-12-28T06:59:00.000Z,"43.462459461,-3.800733089",true,urn:smartsantander:entityType:parkingSensor,urn:x-iot:smartsantander:u7jcfa:fixed:np3712,43.462459461000002,-3.800733089000000,general_mola_21_23
-3.800784051,43.462453134,2015-12-27T21:36:42.000Z,"43.462453134,-3.800784051",true,urn:smartsantander:entityType:parkingSensor,urn:x-iot:smartsantander:u7jcfa:fixed:np3711,43.462453134000000,-3.800784051000000,general_mola_21_23
-3.800837696,43.462449727,2015-12-27T19:27:52.000Z,"43.462449727,-3.800837696",true,urn:smartsantander:entityType:parkingSensor,urn:x-iot:smartsantander:u7jcfa:fixed:np3710,43.462449726999999,-3.800837696000000,general_mola_21_23
-3.800888658,43.462443887,2015-12-28T06:09:50.000Z,"43.462443887,-3.800888658",true,urn:smartsantander:entityType:parkingSensor,urn:x-iot:smartsantander:u7jcfa:fixed:np3709,43.462443886999999,-3.800888658000000,general_mola_21_23
-3.800951689,43.462438533,2015-12-28T06:45:34.000Z,"43.462438533,-3.800951689",true,urn:smartsantander:entityType:parkingSensor,urn:x-iot:smartsantander:u7jcfa:fixed:np3708,43.462438532999997,-3.800951689000000,general_mola_21_23
-3.801003322,43.462433179,2014-09-04T08:51:23.000Z,"43.462433179,-3.801003322",true,urn:smartsantander:entityType:parkingSensor,urn:x-iot:smartsantander:u7jcfa:fixed:np3707,43.462433179000001,-3.801003322000000,general_mola_21_23
-3.800735772,43.462588438,2015-10-29T09:29:38.000Z,"43.462588438,-3.800735772",true,urn:smartsantander:entityType:parkingSensor,urn:x-iot:smartsantander:u7jcfa:fixed:np3706,43.462588437999997,-3.800735772000000,eduardo_benot
-3.80074583,43.462627374,2015-09-20T05:07:20.000Z,"43.462627374,-3.800745830",true,urn:smartsantander:entityType:parkingSensor,urn:x-iot:smartsantander:u7jcfa:fixed:np3705,43.462627374000000,-3.800745830000000,eduardo_benot
-3.8007465,43.462662903,2015-12-28T08:41:46.000Z,"43.462662903,-3.800746500",false,urn:smartsantander:entityType:parkingSensor,urn:x-iot:smartsantander:u7jcfa:fixed:np3704,43.462662903000002,-3.800746500000000,eduardo_benot
-3.800756559,43.462695512,2015-12-28T08:31:50.000Z,"43.462695512,-3.800756559",false,urn:smartsantander:entityType:parkingSensor,urn:x-iot:smartsantander:u7jcfa:fixed:np3703,43.462695512000003,-3.800756559000000,eduardo_benot
-3.800763264,43.462743209,2015-12-27T18:44:24.000Z,"43.462743209,-3.800763264",true,urn:smartsantander:entityType:parkingSensor,urn:x-iot:smartsantander:u7jcfa:fixed:np3702,43.462743209000003,-3.800763264000000,eduardo_benot
-3.800771311,43.462785065,2015-12-28T08:47:22.000Z,"43.462785065,-3.800771311",true,urn:smartsantander:entityType:parkingSensor,urn:x-iot:smartsantander:u7jcfa:fixed:np3701,43.462785064999998,-3.800771311000000,eduardo_benot
-3.79718214,43.463585234,2015-12-27T22:31:39.000Z,"43.463585234,-3.797182140",false,urn:smartsantander:entityType:parkingSensor,urn:x-iot:smartsantander:u7jcfa:fixed:np3700,43.463585234000000,-3.797182140000000,penna_herbosa_25_30
-3.797238466,43.46357988,2015-12-28T06:30:08.000Z,"43.463579880,-3.797238466",false,urn:smartsantander:entityType:parkingSensor,urn:x-iot:smartsantander:u7jcfa:fixed:np3699,43.463579879999998,-3.797238466000000,penna_herbosa_25_30
-3.797328991,43.463571606,2015-12-28T03:35:00.000Z,"43.463571606,-3.797328991",false,urn:smartsantander:entityType:parkingSensor,urn:x-iot:smartsantander:u7jcfa:fixed:np3698,43.463571606000002,-3.797328991000000,penna_herbosa_25_30
-3.799028546,43.463045937,2015-12-26T12:50:18.000Z,"43.463045937,-3.799028546",true,urn:smartsantander:entityType:parkingSensor,urn:x-iot:smartsantander:u7jcfa:fixed:np3600,43.463045936999997,-3.799028546000000,hernan_cortes_45_51
-3.797404763,43.463564306,2015-12-28T07:28:04.000Z,"43.463564306,-3.797404763",false,urn:smartsantander:entityType:parkingSensor,urn:x-iot:smartsantander:u7jcfa:fixed:np3697,43.463564306000002,-3.797404763000000,penna_herbosa_25_30
-3.797485229,43.463554286,2015-12-26T08:30:46.000Z,"43.463554286,-3.797485229",true,urn:smartsantander:entityType:parkingSensor,urn:x-iot:smartsantander:u7jcfa:fixed:np3696,43.463554285999997,-3.797485229000000,penna_herbosa_25_30
-3.797543943,43.463548695,2015-12-26T12:49:56.000Z,"43.463548695,-3.797543943",true,urn:smartsantander:entityType:parkingSensor,urn:x-iot:smartsantander:u7jcfa:fixed:np3695,43.463548695000000,-3.797543943000000,penna_herbosa_25_30
-3.797606975,43.463541394,2015-12-28T05:47:11.000Z,"43.463541394,-3.797606975",true,urn:smartsantander:entityType:parkingSensor,urn:x-iot:smartsantander:u7jcfa:fixed:np3694,43.463541394000003,-3.797606975000000,penna_herbosa_21_25
-3.797670007,43.463537987,2015-12-27T15:28:25.000Z,"43.463537987,-3.797670007",true,urn:smartsantander:entityType:parkingSensor,urn:x-iot:smartsantander:u7jcfa:fixed:np3693,43.463537987000002,-3.797670007000000,penna_herbosa_21_25
-3.797739074,43.463530687,2015-12-25T19:26:59.000Z,"43.463530687,-3.797739074",true,urn:smartsantander:entityType:parkingSensor,urn:x-iot:smartsantander:u7jcfa:fixed:np3692,43.463530687000002,-3.797739074000000,penna_herbosa_21_25
-3.797786307,43.463525571,2015-12-26T08:43:20.000Z,"43.463525571,-3.797786307",true,urn:smartsantander:entityType:parkingSensor,urn:x-iot:smartsantander:u7jcfa:fixed:np3691,43.463525570999998,-3.797786307000000,penna_herbosa_21_25
-3.797844645,43.463519731,2015-12-22T17:00:50.000Z,"43.463519731,-3.797844645",true,urn:smartsantander:entityType:parkingSensor,urn:x-iot:smartsantander:u7jcfa:fixed:np3690,43.463519730999998,-3.797844645000000,penna_herbosa_21_25
-3.797902688,43.463513653,2015-12-27T19:30:56.000Z,"43.463513653,-3.797902688",true,urn:smartsantander:entityType:parkingSensor,urn:x-iot:smartsantander:u7jcfa:fixed:np3689,43.463513653000000,-3.797902688000000,penna_herbosa_21_25
-3.797955662,43.463508786,2015-12-25T00:15:29.000Z,"43.463508786,-3.797955662",true,urn:smartsantander:entityType:parkingSensor,urn:x-iot:smartsantander:u7jcfa:fixed:np3688,43.463508785999998,-3.797955662000000,penna_herbosa_21_25
-3.798003942,43.463505379,2015-12-27T20:22:59.000Z,"43.463505379,-3.798003942",true,urn:smartsantander:entityType:parkingSensor,urn:x-iot:smartsantander:u7jcfa:fixed:np3687,43.463505378999997,-3.798003942000000,penna_herbosa_21_25
-3.798180297,43.463489318,2015-12-26T18:20:03.000Z,"43.463489318,-3.798180297",true,urn:smartsantander:entityType:parkingSensor,urn:x-iot:smartsantander:u7jcfa:fixed:np3686,43.463489318000001,-3.798180297000000,penna_herbosa_17_19
-3.798231259,43.463481044,2015-11-12T07:05:06.000Z,"43.463481044,-3.798231259",true,urn:smartsantander:entityType:parkingSensor,urn:x-iot:smartsantander:u7jcfa:fixed:np3685,43.463481043999998,-3.798231259000000,penna_herbosa_17_19
-3.798285574,43.463473257,2015-12-27T17:29:21.000Z,"43.463473257,-3.798285574",true,urn:smartsantander:entityType:parkingSensor,urn:x-iot:smartsantander:u7jcfa:fixed:np3684,43.463473256999997,-3.798285574000000,penna_herbosa_17_19
-3.798706681,43.463435781,2015-12-26T10:05:44.000Z,"43.463435781,-3.798706681",true,urn:smartsantander:entityType:parkingSensor,urn:x-iot:smartsantander:u7jcfa:fixed:np3683,43.463435781000001,-3.798706681000000,penna_herbosa_9_15
-3.798771724,43.463429454,2015-12-26T18:47:32.000Z,"43.463429454,-3.798771724",true,urn:smartsantander:entityType:parkingSensor,urn:x-iot:smartsantander:u7jcfa:fixed:np3682,43.463429454000000,-3.798771724000000,penna_herbosa_9_15
-3.798832744,43.463424101,2015-12-28T02:54:36.000Z,"43.463424101,-3.798832744",false,urn:smartsantander:entityType:parkingSensor,urn:x-iot:smartsantander:u7jcfa:fixed:np3681,43.463424101000001,-3.798832744000000,penna_herbosa_9_15
-3.798897788,43.463417287,2015-12-27T20:35:53.000Z,"43.463417287,-3.798897788",true,urn:smartsantander:entityType:parkingSensor,urn:x-iot:smartsantander:u7jcfa:fixed:np3680,43.463417286999999,-3.798897788000000,penna_herbosa_9_15
-3.798966184,43.46341096,2015-12-27T21:53:21.000Z,"43.463410960,-3.798966184",true,urn:smartsantander:entityType:parkingSensor,urn:x-iot:smartsantander:u7jcfa:fixed:np3679,43.463410959999997,-3.798966184000000,penna_herbosa_9_15
-3.799027205,43.463405119,2015-11-30T17:44:02.000Z,"43.463405119,-3.799027205",true,urn:smartsantander:entityType:parkingSensor,urn:x-iot:smartsantander:u7jcfa:fixed:np3678,43.463405119000001,-3.799027205000000,penna_herbosa_9_15
-3.799084872,43.463399279,2015-12-27T23:28:11.000Z,"43.463399279,-3.799084872",false,urn:smartsantander:entityType:parkingSensor,urn:x-iot:smartsantander:u7jcfa:fixed:np3677,43.463399279000001,-3.799084872000000,penna_herbosa_3_9
-3.79914254,43.463391427,2015-12-28T00:04:10.000Z,"43.463391427,-3.799142540",false,urn:smartsantander:entityType:parkingSensor,urn:x-iot:smartsantander:u7jcfa:fixed:np3676,43.463391426999998,-3.799142540000000,penna_herbosa_3_9
-3.799212277,43.463385587,2015-12-27T12:36:56.000Z,"43.463385587,-3.799212277",true,urn:smartsantander:entityType:parkingSensor,urn:x-iot:smartsantander:u7jcfa:fixed:np3675,43.463385586999998,-3.799212277000000,penna_herbosa_3_9
-3.799280673,43.463381693,2015-12-27T14:57:25.000Z,"43.463381693,-3.799280673",true,urn:smartsantander:entityType:parkingSensor,urn:x-iot:smartsantander:u7jcfa:fixed:np3674,43.463381693000002,-3.799280673000000,penna_herbosa_3_9
-3.799339682,43.463373906,2015-12-27T21:32:52.000Z,"43.463373906,-3.799339682",true,urn:smartsantander:entityType:parkingSensor,urn:x-iot:smartsantander:u7jcfa:fixed:np3673,43.463373906000001,-3.799339682000000,penna_herbosa_3_9
-3.79939869,43.463366119,2015-12-27T23:36:57.000Z,"43.463366119,-3.799398690",true,urn:smartsantander:entityType:parkingSensor,urn:x-iot:smartsantander:u7jcfa:fixed:np3672,43.463366119000000,-3.799398690000000,penna_herbosa_3_9
-3.799819127,43.462969525,2015-12-27T22:52:59.000Z,"43.462969525,-3.799819127",true,urn:smartsantander:entityType:parkingSensor,urn:x-iot:smartsantander:u7jcfa:fixed:np3671,43.462969524999998,-3.799819127000000,hernan_cortes_41
-3.7998721,43.462963684,2015-12-28T07:27:58.000Z,"43.462963684,-3.799872100",true,urn:smartsantander:entityType:parkingSensor,urn:x-iot:smartsantander:u7jcfa:fixed:np3670,43.462963684000002,-3.799872100000000,hernan_cortes_41
-3.799939826,43.462957844,2015-12-28T00:29:42.000Z,"43.462957844,-3.799939826",true,urn:smartsantander:entityType:parkingSensor,urn:x-iot:smartsantander:u7jcfa:fixed:np3669,43.462957844000002,-3.799939826000000,hernan_cortes_41
-3.80000487,43.462951517,2015-12-28T07:40:34.000Z,"43.462951517,-3.800004870",true,urn:smartsantander:entityType:parkingSensor,urn:x-iot:smartsantander:u7jcfa:fixed:np3668,43.462951517000000,-3.800004870000000,hernan_cortes_41
-3.800069243,43.46294519,2015-12-28T07:07:50.000Z,"43.462945190,-3.800069243",true,urn:smartsantander:entityType:parkingSensor,urn:x-iot:smartsantander:u7jcfa:fixed:np3667,43.462945189999999,-3.800069243000000,hernan_cortes_37_39
-3.800132275,43.462938863,2015-12-28T07:15:56.000Z,"43.462938863,-3.800132275",true,urn:smartsantander:entityType:parkingSensor,urn:x-iot:smartsantander:u7jcfa:fixed:np3666,43.462938862999998,-3.800132275000000,hernan_cortes_37_39
-3.800193295,43.462934969,2015-12-20T20:11:10.000Z,"43.462934969,-3.800193295",true,urn:smartsantander:entityType:parkingSensor,urn:x-iot:smartsantander:u7jcfa:fixed:np3665,43.462934969000003,-3.800193295000000,hernan_cortes_37_39
-3.800252303,43.462928155,2015-12-28T08:34:10.000Z,"43.462928155,-3.800252303",true,urn:smartsantander:entityType:parkingSensor,urn:x-iot:smartsantander:u7jcfa:fixed:np3664,43.462928155000000,-3.800252303000000,hernan_cortes_37_39
-3.800319359,43.462921828,2015-12-25T10:03:32.000Z,"43.462921828,-3.800319359",true,urn:smartsantander:entityType:parkingSensor,urn:x-iot:smartsantander:u7jcfa:fixed:np3663,43.462921827999999,-3.800319359000000,hernan_cortes_37_39
-3.800375015,43.462916961,2015-12-23T20:55:27.000Z,"43.462916961,-3.800375015",true,urn:smartsantander:entityType:parkingSensor,urn:x-iot:smartsantander:u7jcfa:fixed:np3662,43.462916960999998,-3.800375015000000,hernan_cortes_37_39
-3.800435364,43.462910634,2015-12-26T19:52:16.000Z,"43.462910634,-3.800435364",true,urn:smartsantander:entityType:parkingSensor,urn:x-iot:smartsantander:u7jcfa:fixed:np3661,43.462910634000004,-3.800435364000000,hernan_cortes_35
-3.800492361,43.462904794,2015-08-27T07:12:30.000Z,"43.462904794,-3.800492361",true,urn:smartsantander:entityType:parkingSensor,urn:x-iot:smartsantander:u7jcfa:fixed:np3660,43.462904794000004,-3.800492361000000,hernan_cortes_35
-3.800541312,43.462900413,2015-12-28T05:36:35.000Z,"43.462900413,-3.800541312",true,urn:smartsantander:entityType:parkingSensor,urn:x-iot:smartsantander:u7jcfa:fixed:np3659,43.462900413000000,-3.800541312000000,hernan_cortes_35
-3.800608367,43.46289506,2015-12-26T17:53:34.000Z,"43.462895060,-3.800608367",true,urn:smartsantander:entityType:parkingSensor,urn:x-iot:smartsantander:u7jcfa:fixed:np3658,43.462895060000001,-3.800608367000000,hernan_cortes_35
-3.797444442,43.463198954,2015-12-28T06:40:06.000Z,"43.463198954,-3.797444442",false,urn:smartsantander:entityType:parkingSensor,urn:x-iot:smartsantander:u7jcfa:fixed:np3657,43.463198953999999,-3.797444442000000,hernan_cortes_39_42
-3.797500769,43.463195548,2015-12-28T06:29:42.000Z,"43.463195548,-3.797500769",false,urn:smartsantander:entityType:parkingSensor,urn:x-iot:smartsantander:u7jcfa:fixed:np3656,43.463195548000002,-3.797500769000000,hernan_cortes_39_42
-3.797565142,43.463188247,2015-12-28T06:07:52.000Z,"43.463188247,-3.797565142",true,urn:smartsantander:entityType:parkingSensor,urn:x-iot:smartsantander:u7jcfa:fixed:np3655,43.463188246999998,-3.797565142000000,hernan_cortes_39_42
-3.797622139,43.46318192,2015-12-28T06:56:14.000Z,"43.463181920,-3.797622139",false,urn:smartsantander:entityType:parkingSensor,urn:x-iot:smartsantander:u7jcfa:fixed:np3654,43.463181919999997,-3.797622139000000,hernan_cortes_39_42
-3.7976845,43.463176566,2015-12-28T07:18:46.000Z,"43.463176566,-3.797684500",false,urn:smartsantander:entityType:parkingSensor,urn:x-iot:smartsantander:u7jcfa:fixed:np3653,43.463176566000001,-3.797684500000000,hernan_cortes_39_42
-3.797738144,43.463171699,2014-10-31T09:04:19.000Z,"43.463171699,-3.797738144",true,urn:smartsantander:entityType:parkingSensor,urn:x-iot:smartsantander:u7jcfa:fixed:np3652,43.463171699000000,-3.797738144000000,hernan_cortes_53_55
-3.797851468,43.463160992,2015-12-23T20:21:15.000Z,"43.463160992,-3.797851468",true,urn:smartsantander:entityType:parkingSensor,urn:x-iot:smartsantander:u7jcfa:fixed:np3650,43.463160991999999,-3.797851468000000,hernan_cortes_53_55
-3.797905782,43.463155638,2015-12-28T05:47:35.000Z,"43.463155638,-3.797905782",true,urn:smartsantander:entityType:parkingSensor,urn:x-iot:smartsantander:u7jcfa:fixed:np3649,43.463155638000003,-3.797905782000000,hernan_cortes_53_55
-3.799819127,43.463255703,2015-12-27T19:36:58.000Z,"43.463255703,-3.799819127",true,urn:smartsantander:entityType:parkingSensor,urn:x-iot:smartsantander:u7jcfa:fixed:np3648,43.463255703000002,-3.799819127000000,daoiz_velarde_27_29
-3.79987143,43.46324889,2015-12-28T07:12:10.000Z,"43.463248890,-3.799871430",true,urn:smartsantander:entityType:parkingSensor,urn:x-iot:smartsantander:u7jcfa:fixed:np3647,43.463248890000003,-3.799871430000000,daoiz_velarde_27_29
-3.799929768,43.463243536,2015-12-27T09:04:08.000Z,"43.463243536,-3.799929768",true,urn:smartsantander:entityType:parkingSensor,urn:x-iot:smartsantander:u7jcfa:fixed:np3646,43.463243536000000,-3.799929768000000,daoiz_velarde_27_29
-3.800002187,43.463236236,2015-12-28T06:52:04.000Z,"43.463236236,-3.800002187",true,urn:smartsantander:entityType:parkingSensor,urn:x-iot:smartsantander:u7jcfa:fixed:np3645,43.463236236000000,-3.800002187000000,daoiz_velarde_27_29
-3.800062537,43.463232342,2015-12-28T07:43:36.000Z,"43.463232342,-3.800062537",true,urn:smartsantander:entityType:parkingSensor,urn:x-iot:smartsantander:u7jcfa:fixed:np3644,43.463232341999998,-3.800062537000000,daoiz_velarde_27_29
-3.80011417,43.463227475,2015-12-26T08:43:12.000Z,"43.463227475,-3.800114170",true,urn:smartsantander:entityType:parkingSensor,urn:x-iot:smartsantander:u7jcfa:fixed:np3643,43.463227474999997,-3.800114170000000,daoiz_velarde_21_25
-3.800171167,43.463220175,2015-12-26T00:32:23.000Z,"43.463220175,-3.800171167",true,urn:smartsantander:entityType:parkingSensor,urn:x-iot:smartsantander:u7jcfa:fixed:np3642,43.463220174999996,-3.800171167000000,daoiz_velarde_21_25
-3.800228164,43.463214334,2015-12-28T07:33:20.000Z,"43.463214334,-3.800228164",false,urn:smartsantander:entityType:parkingSensor,urn:x-iot:smartsantander:u7jcfa:fixed:np3641,43.463214334000000,-3.800228164000000,daoiz_velarde_21_25
-3.800277784,43.463209467,2015-12-28T07:33:48.000Z,"43.463209467,-3.800277784",true,urn:smartsantander:entityType:parkingSensor,urn:x-iot:smartsantander:u7jcfa:fixed:np3640,43.463209466999999,-3.800277784000000,daoiz_velarde_21_25
-3.800324723,43.463202653,2015-12-24T21:33:11.000Z,"43.463202653,-3.800324723",true,urn:smartsantander:entityType:parkingSensor,urn:x-iot:smartsantander:u7jcfa:fixed:np3639,43.463202653000003,-3.800324723000000,daoiz_velarde_21_25
-3.80036965,43.463205574,2015-12-26T13:35:08.000Z,"43.463205574,-3.800369650",true,urn:smartsantander:entityType:parkingSensor,urn:x-iot:smartsantander:u7jcfa:fixed:np3638,43.463205574000000,-3.800369650000000,daoiz_velarde_21_25
-3.800435364,43.4631973,2015-12-27T20:15:45.000Z,"43.463197300,-3.800435364",true,urn:smartsantander:entityType:parkingSensor,urn:x-iot:smartsantander:u7jcfa:fixed:np3637,43.463197299999997,-3.800435364000000,daoiz_velarde_21_25
-3.800508454,43.463189026,2015-12-28T08:13:22.000Z,"43.463189026,-3.800508454",true,urn:smartsantander:entityType:parkingSensor,urn:x-iot:smartsantander:u7jcfa:fixed:np3636,43.463189026000002,-3.800508454000000,daoiz_velarde_21_25
-3.800924867,43.46314571,2015-12-28T06:42:36.000Z,"43.463145710,-3.800924867",true,urn:smartsantander:entityType:parkingSensor,urn:x-iot:smartsantander:u7jcfa:fixed:np3635,43.463145709999999,-3.800924867000000,daoiz_velarde_17_19
-3.80098857,43.463139869,2015-11-20T09:09:59.000Z,"43.463139869,-3.800988570",true,urn:smartsantander:entityType:parkingSensor,urn:x-iot:smartsantander:u7jcfa:fixed:np3634,43.463139869000003,-3.800988570000000,daoiz_velarde_17_19
-3.801044226,43.463135976,2015-12-28T06:44:46.000Z,"43.463135976,-3.801044226",true,urn:smartsantander:entityType:parkingSensor,urn:x-iot:smartsantander:u7jcfa:fixed:np3633,43.463135975999997,-3.801044226000000,daoiz_velarde_17_19
-3.801095858,43.463130622,2015-12-22T09:58:18.000Z,"43.463130622,-3.801095858",true,urn:smartsantander:entityType:parkingSensor,urn:x-iot:smartsantander:u7jcfa:fixed:np3632,43.463130622000001,-3.801095858000000,daoiz_velarde_17_19
-3.801172972,43.463122835,2015-12-27T17:57:20.000Z,"43.463122835,-3.801172972",true,urn:smartsantander:entityType:parkingSensor,urn:x-iot:smartsantander:u7jcfa:fixed:np3631,43.463122835000000,-3.801172972000000,daoiz_velarde_17_19
-3.799422455,43.463873843,2015-12-27T18:02:22.000Z,"43.463873843,-3.799422455",true,urn:smartsantander:entityType:parkingSensor,urn:x-iot:smartsantander:u7jcfa:fixed:np3923,43.463873843000002,-3.799422455000000,santa_lucia
-3.799430501,43.463917645,2015-12-28T06:26:16.000Z,"43.463917645,-3.799430501",false,urn:smartsantander:entityType:parkingSensor,urn:x-iot:smartsantander:u7jcfa:fixed:np3922,43.463917645000002,-3.799430501000000,santa_lucia
-3.799439889,43.463967775,2015-12-27T14:20:44.000Z,"43.463967775,-3.799439889",true,urn:smartsantander:entityType:parkingSensor,urn:x-iot:smartsantander:u7jcfa:fixed:np3921,43.463967775000000,-3.799439889000000,santa_lucia
-3.799446595,43.46401255,2015-12-18T14:37:18.000Z,"43.464012550,-3.799446595",true,urn:smartsantander:entityType:parkingSensor,urn:x-iot:smartsantander:u7jcfa:fixed:np3920,43.464012550000000,-3.799446595000000,santa_lucia
-3.799454641,43.464058299,2015-12-27T22:00:25.000Z,"43.464058299,-3.799454641",false,urn:smartsantander:entityType:parkingSensor,urn:x-iot:smartsantander:u7jcfa:fixed:np3919,43.464058299000001,-3.799454641000000,santa_lucia
-3.797964004,43.463958528,2015-12-28T06:56:08.000Z,"43.463958528,-3.797964004",true,urn:smartsantander:entityType:parkingSensor,urn:x-iot:smartsantander:u7jcfa:fixed:np3918,43.463958527999999,-3.797964004000000,bonifaz_7_15
-3.797900972,43.463965341,2015-12-28T08:57:40.000Z,"43.463965341,-3.797900972",true,urn:smartsantander:entityType:parkingSensor,urn:x-iot:smartsantander:u7jcfa:fixed:np3917,43.463965340999998,-3.797900972000000,bonifaz_7_15
-3.797848669,43.463971182,2015-12-28T08:24:18.000Z,"43.463971182,-3.797848669",true,urn:smartsantander:entityType:parkingSensor,urn:x-iot:smartsantander:u7jcfa:fixed:np3916,43.463971182000002,-3.797848669000000,bonifaz_7_15
-3.797746745,43.463983349,2015-12-19T08:27:12.000Z,"43.463983349,-3.797746745",true,urn:smartsantander:entityType:parkingSensor,urn:x-iot:smartsantander:u7jcfa:fixed:np3915,43.463983349000003,-3.797746745000000,bonifaz_7_15
-3.800559711,43.46427877,2015-12-28T07:11:01.000Z,"43.464278770,-3.800559711",true,urn:smartsantander:entityType:parkingSensor,urn:x-iot:smartsantander:u7jcfa:fixed:np3900,43.464278770000000,-3.800559711000000,santa_lucia_18_24
-3.800451752,43.46428607,2015-12-28T08:22:28.000Z,"43.464286070,-3.800451752",true,urn:smartsantander:entityType:parkingSensor,urn:x-iot:smartsantander:u7jcfa:fixed:np3902,43.464286070000000,-3.800451752000000,santa_lucia_18_24
-3.800504726,43.46428315,2015-11-10T14:54:28.000Z,"43.464283150,-3.800504726",true,urn:smartsantander:entityType:parkingSensor,urn:x-iot:smartsantander:u7jcfa:fixed:np3901,43.464283150000000,-3.800504726000000,santa_lucia_18_24
-3.802627695,43.462981729,2015-12-09T17:33:47.000Z,"43.462981729,-3.802627695",true,urn:smartsantander:entityType:parkingSensor,urn:x-iot:smartsantander:u7jcfa:fixed:np3914,43.462981728999999,-3.802627695000000,daoiz_velarde_9
-3.802682009,43.462977349,2015-12-28T06:35:28.000Z,"43.462977349,-3.802682009",true,urn:smartsantander:entityType:parkingSensor,urn:x-iot:smartsantander:u7jcfa:fixed:np3913,43.462977348999999,-3.802682009000000,daoiz_velarde_9
-3.800263327,43.464298724,2015-12-26T12:20:52.000Z,"43.464298724,-3.800263327",true,urn:smartsantander:entityType:parkingSensor,urn:x-iot:smartsantander:u7jcfa:fixed:np3905,43.464298724000002,-3.800263327000000,santa_lucia_18_24
-3.799266612,43.464372294,2015-12-27T12:48:27.000Z,"43.464372294,-3.799266612",true,urn:smartsantander:entityType:parkingSensor,urn:x-iot:smartsantander:u7jcfa:fixed:np3910,43.464372294000000,-3.799266612000000,santa_lucia_32_34
-3.799330985,43.464365967,2015-12-27T21:43:14.000Z,"43.464365967,-3.799330985",true,urn:smartsantander:entityType:parkingSensor,urn:x-iot:smartsantander:u7jcfa:fixed:np3909,43.464365966999999,-3.799330985000000,santa_lucia_32_34
-3.799406087,43.46435964,2015-12-28T07:56:26.000Z,"43.464359640,-3.799406087",true,urn:smartsantander:entityType:parkingSensor,urn:x-iot:smartsantander:u7jcfa:fixed:np3908,43.464359639999998,-3.799406087000000,santa_lucia_32_34
-3.800328371,43.464294831,2015-12-28T06:05:51.000Z,"43.464294831,-3.800328371",true,urn:smartsantander:entityType:parkingSensor,urn:x-iot:smartsantander:u7jcfa:fixed:np3904,43.464294830999997,-3.800328371000000,santa_lucia_18_24
-3.800392744,43.46429045,2015-12-28T08:22:34.000Z,"43.464290450,-3.800392744",true,urn:smartsantander:entityType:parkingSensor,urn:x-iot:smartsantander:u7jcfa:fixed:np3903,43.464290450000000,-3.800392744000000,santa_lucia_18_24
-3.799633404,43.464340659,2015-12-27T15:37:59.000Z,"43.464340659,-3.799633404",true,urn:smartsantander:entityType:parkingSensor,urn:x-iot:smartsantander:u7jcfa:fixed:np3907,43.464340659000001,-3.799633404000000,santa_lucia_30
-3.799705824,43.464333845,2015-12-25T18:47:23.000Z,"43.464333845,-3.799705824",true,urn:smartsantander:entityType:parkingSensor,urn:x-iot:smartsantander:u7jcfa:fixed:np3906,43.464333844999999,-3.799705824000000,santa_lucia_30
-3.802810755,43.462964208,2015-12-28T08:03:00.000Z,"43.462964208,-3.802810755",true,urn:smartsantander:entityType:parkingSensor,urn:x-iot:smartsantander:u7jcfa:fixed:np3911,43.462964208000002,-3.802810755000000,daoiz_velarde_9
-3.802751076,43.462970049,2015-12-28T06:39:42.000Z,"43.462970049,-3.802751076",true,urn:smartsantander:entityType:parkingSensor,urn:x-iot:smartsantander:u7jcfa:fixed:np3912,43.462970048999999,-3.802751076000000,daoiz_velarde_9
-3.798553124,43.463986232,2015-12-27T23:19:31.000Z,"43.463986232,-3.798553124",true,urn:smartsantander:entityType:parkingSensor,urn:x-iot:smartsantander:u7jcfa:fixed:np3899,43.463986232000003,-3.798553124000000,gandara_12_14
-3.798561171,43.464030521,2015-12-27T06:13:11.000Z,"43.464030521,-3.798561171",true,urn:smartsantander:entityType:parkingSensor,urn:x-iot:smartsantander:u7jcfa:fixed:np3898,43.464030520999998,-3.798561171000000,gandara_12_14
-3.798569888,43.464075783,2015-12-26T18:04:33.000Z,"43.464075783,-3.798569888",true,urn:smartsantander:entityType:parkingSensor,urn:x-iot:smartsantander:u7jcfa:fixed:np3897,43.464075782999998,-3.798569888000000,gandara_12_14
-3.798577264,43.464118612,2015-12-27T18:19:22.000Z,"43.464118612,-3.798577264",true,urn:smartsantander:entityType:parkingSensor,urn:x-iot:smartsantander:u7jcfa:fixed:np3896,43.464118612000000,-3.798577264000000,gandara_12_14
-3.798581958,43.46415706,2015-12-27T17:56:46.000Z,"43.464157060,-3.798581958",true,urn:smartsantander:entityType:parkingSensor,urn:x-iot:smartsantander:u7jcfa:fixed:np3895,43.464157059999998,-3.798581958000000,gandara_12_14
-3.798590675,43.464207189,2015-12-27T21:53:43.000Z,"43.464207189,-3.798590675",false,urn:smartsantander:entityType:parkingSensor,urn:x-iot:smartsantander:u7jcfa:fixed:np3894,43.464207189000000,-3.798590675000000,gandara_12_14
-3.798598722,43.464248071,2015-12-27T19:09:52.000Z,"43.464248071,-3.798598722",true,urn:smartsantander:entityType:parkingSensor,urn:x-iot:smartsantander:u7jcfa:fixed:np3893,43.464248071000000,-3.798598722000000,gandara_12_14
-3.798607439,43.46428944,2015-12-26T15:43:18.000Z,"43.464289440,-3.798607439",true,urn:smartsantander:entityType:parkingSensor,urn:x-iot:smartsantander:u7jcfa:fixed:np3892,43.464289440000002,-3.798607439000000,gandara_12_14
-3.798615485,43.464339082,2015-12-27T14:19:40.000Z,"43.464339082,-3.798615485",true,urn:smartsantander:entityType:parkingSensor,urn:x-iot:smartsantander:u7jcfa:fixed:np3891,43.464339082000002,-3.798615485000000,gandara_12_14
-3.797078813,43.46469754,2015-12-22T09:40:45.000Z,"43.464697540,-3.797078813",true,urn:smartsantander:entityType:parkingSensor,urn:x-iot:smartsantander:u7jcfa:fixed:np3890,43.464697540000003,-3.797078813000000,santa_lucia_50_54
-3.797145868,43.464689267,2015-12-28T08:24:34.000Z,"43.464689267,-3.797145868",false,urn:smartsantander:entityType:parkingSensor,urn:x-iot:smartsantander:u7jcfa:fixed:np3889,43.464689266999997,-3.797145868000000,santa_lucia_50_54
-3.797203535,43.464680993,2015-12-28T08:12:06.000Z,"43.464680993,-3.797203535",false,urn:smartsantander:entityType:parkingSensor,urn:x-iot:smartsantander:u7jcfa:fixed:np3888,43.464680993000002,-3.797203535000000,santa_lucia_50_54
-3.797254497,43.464673693,2015-12-28T07:44:48.000Z,"43.464673693,-3.797254497",true,urn:smartsantander:entityType:parkingSensor,urn:x-iot:smartsantander:u7jcfa:fixed:np3887,43.464673693000002,-3.797254497000000,santa_lucia_50_54
-3.7973182,43.464662499,2015-12-27T23:25:15.000Z,"43.464662499,-3.797318200",true,urn:smartsantander:entityType:parkingSensor,urn:x-iot:smartsantander:u7jcfa:fixed:np3886,43.464662498999999,-3.797318200000000,santa_lucia_50_54
-3.79737922,43.464653252,2015-12-25T04:49:52.000Z,"43.464653252,-3.797379220",true,urn:smartsantander:entityType:parkingSensor,urn:x-iot:smartsantander:u7jcfa:fixed:np3885,43.464653251999998,-3.797379220000000,santa_lucia_50_54
-3.797435546,43.464645465,2015-12-27T23:10:55.000Z,"43.464645465,-3.797435546",true,urn:smartsantander:entityType:parkingSensor,urn:x-iot:smartsantander:u7jcfa:fixed:np3884,43.464645464999997,-3.797435546000000,santa_lucia_57_65
-3.797499249,43.464634271,2015-12-28T07:32:06.000Z,"43.464634271,-3.797499249",false,urn:smartsantander:entityType:parkingSensor,urn:x-iot:smartsantander:u7jcfa:fixed:np3883,43.464634271000001,-3.797499249000000,santa_lucia_57_65
-3.797552893,43.464626971,2015-12-28T07:51:27.000Z,"43.464626971,-3.797552893",false,urn:smartsantander:entityType:parkingSensor,urn:x-iot:smartsantander:u7jcfa:fixed:np3882,43.464626971000001,-3.797552893000000,santa_lucia_57_65
-3.797613913,43.464615777,2015-12-28T08:10:11.000Z,"43.464615777,-3.797613913",false,urn:smartsantander:entityType:parkingSensor,urn:x-iot:smartsantander:u7jcfa:fixed:np3881,43.464615776999999,-3.797613913000000,santa_lucia_57_65
-3.797676275,43.46460507,2015-12-28T08:21:59.000Z,"43.464605070,-3.797676275",true,urn:smartsantander:entityType:parkingSensor,urn:x-iot:smartsantander:u7jcfa:fixed:np3880,43.464605069999998,-3.797676275000000,santa_lucia_57_65
-3.798667351,43.464472691,2015-12-22T13:05:23.000Z,"43.464472691,-3.798667351",false,urn:smartsantander:entityType:parkingSensor,urn:x-iot:smartsantander:u7jcfa:fixed:np3879,43.464472690999997,-3.798667351000000,santa_lucia_36_38
-3.798725689,43.464466851,2015-12-28T05:52:01.000Z,"43.464466851,-3.798725689",false,urn:smartsantander:entityType:parkingSensor,urn:x-iot:smartsantander:u7jcfa:fixed:np3878,43.464466850999997,-3.798725689000000,santa_lucia_36_38
-3.798786709,43.464462471,2015-12-27T14:55:19.000Z,"43.464462471,-3.798786709",true,urn:smartsantander:entityType:parkingSensor,urn:x-iot:smartsantander:u7jcfa:fixed:np3877,43.464462470999997,-3.798786709000000,santa_lucia_36_38
-3.798849071,43.464455657,2015-12-23T10:51:37.000Z,"43.464455657,-3.798849071",true,urn:smartsantander:entityType:parkingSensor,urn:x-iot:smartsantander:u7jcfa:fixed:np3876,43.464455657000002,-3.798849071000000,santa_lucia_36_38
-3.798922161,43.46444787,2015-12-26T09:33:04.000Z,"43.464447870,-3.798922161",true,urn:smartsantander:entityType:parkingSensor,urn:x-iot:smartsantander:u7jcfa:fixed:np3875,43.464447870000001,-3.798922161000000,santa_lucia_36_38
-3.798983181,43.46444349,2015-12-28T06:32:39.000Z,"43.464443490,-3.798983181",false,urn:smartsantander:entityType:parkingSensor,urn:x-iot:smartsantander:u7jcfa:fixed:np3874,43.464443490000001,-3.798983181000000,santa_lucia_36_38
-3.797071185,43.464655294,2015-12-25T14:41:07.000Z,"43.464655294,-3.797071185",true,urn:smartsantander:entityType:parkingSensor,urn:x-iot:smartsantander:u7jcfa:fixed:np3873,43.464655294000003,-3.797071185000000,santa_lucia_50_54
-3.797126841,43.464647021,2015-12-27T01:09:11.000Z,"43.464647021,-3.797126841",true,urn:smartsantander:entityType:parkingSensor,urn:x-iot:smartsantander:u7jcfa:fixed:np3872,43.464647020999998,-3.797126841000000,santa_lucia_50_54
-3.797393302,43.464603123,2015-12-28T08:24:20.000Z,"43.464603123,-3.797393302",false,urn:smartsantander:entityType:parkingSensor,urn:x-iot:smartsantander:u7jcfa:fixed:np3871,43.464603123000003,-3.797393302000000,santa_lucia_50_54
-3.79745164,43.464594363,2015-12-28T08:24:18.000Z,"43.464594363,-3.797451640",false,urn:smartsantander:entityType:parkingSensor,urn:x-iot:smartsantander:u7jcfa:fixed:np3870,43.464594363000003,-3.797451640000000,santa_lucia_57_65
-3.797526742,43.464581709,2015-12-28T01:24:49.000Z,"43.464581709,-3.797526742",true,urn:smartsantander:entityType:parkingSensor,urn:x-iot:smartsantander:u7jcfa:fixed:np3869,43.464581709000001,-3.797526742000000,santa_lucia_57_65
-3.797591115,43.464570515,2015-12-28T01:24:37.000Z,"43.464570515,-3.797591115",false,urn:smartsantander:entityType:parkingSensor,urn:x-iot:smartsantander:u7jcfa:fixed:np3868,43.464570514999998,-3.797591115000000,santa_lucia_57_65
-3.797649453,43.464561268,2015-12-28T08:09:57.000Z,"43.464561268,-3.797649453",true,urn:smartsantander:entityType:parkingSensor,urn:x-iot:smartsantander:u7jcfa:fixed:np3867,43.464561267999997,-3.797649453000000,santa_lucia_57_65
-3.797720531,43.464550561,2015-12-28T08:27:07.000Z,"43.464550561,-3.797720531",true,urn:smartsantander:entityType:parkingSensor,urn:x-iot:smartsantander:u7jcfa:fixed:np3866,43.464550561000003,-3.797720531000000,santa_lucia_57_65
-3.797787586,43.464536934,2015-12-28T07:59:59.000Z,"43.464536934,-3.797787586",false,urn:smartsantander:entityType:parkingSensor,urn:x-iot:smartsantander:u7jcfa:fixed:np3865,43.464536934000002,-3.797787586000000,santa_lucia_57_65
-3.797995206,43.464508315,2015-12-27T15:05:15.000Z,"43.464508315,-3.797995206",true,urn:smartsantander:entityType:parkingSensor,urn:x-iot:smartsantander:u7jcfa:fixed:np3864,43.464508315000003,-3.797995206000000,santa_lucia_40_42
-3.798052873,43.464499068,2015-12-27T11:29:14.000Z,"43.464499068,-3.798052873",true,urn:smartsantander:entityType:parkingSensor,urn:x-iot:smartsantander:u7jcfa:fixed:np3863,43.464499068000002,-3.798052873000000,santa_lucia_40_42
-3.798105176,43.464492254,2015-12-28T06:54:45.000Z,"43.464492254,-3.798105176",true,urn:smartsantander:entityType:parkingSensor,urn:x-iot:smartsantander:u7jcfa:fixed:np3862,43.464492254000000,-3.798105176000000,santa_lucia_40_42
-3.798156138,43.464483007,2015-12-23T18:48:02.000Z,"43.464483007,-3.798156138",true,urn:smartsantander:entityType:parkingSensor,urn:x-iot:smartsantander:u7jcfa:fixed:np3861,43.464483006999998,-3.798156138000000,santa_lucia_40_42
-3.798217829,43.464473274,2015-12-26T10:18:32.000Z,"43.464473274,-3.798217829",false,urn:smartsantander:entityType:parkingSensor,urn:x-iot:smartsantander:u7jcfa:fixed:np3860,43.464473273999999,-3.798217829000000,santa_lucia_40_42
-3.798326459,43.464461106,2015-12-27T10:20:35.000Z,"43.464461106,-3.798326459",true,urn:smartsantander:entityType:parkingSensor,urn:x-iot:smartsantander:u7jcfa:fixed:np3859,43.464461106000002,-3.798326459000000,santa_lucia_40
-3.798368033,43.46445624,2015-12-28T03:37:49.000Z,"43.464456240,-3.798368033",false,urn:smartsantander:entityType:parkingSensor,urn:x-iot:smartsantander:u7jcfa:fixed:np3858,43.464456239999997,-3.798368033000000,santa_lucia_40
-3.798414972,43.464448939,2015-12-28T00:25:36.000Z,"43.464448939,-3.798414972",true,urn:smartsantander:entityType:parkingSensor,urn:x-iot:smartsantander:u7jcfa:fixed:np3857,43.464448939000000,-3.798414972000000,santa_lucia_40
-3.798463922,43.464441639,2015-12-26T19:55:58.000Z,"43.464441639,-3.798463922",true,urn:smartsantander:entityType:parkingSensor,urn:x-iot:smartsantander:u7jcfa:fixed:np3856,43.464441639000000,-3.798463922000000,santa_lucia_40
-3.798762569,43.464414289,2015-12-27T06:20:37.000Z,"43.464414289,-3.798762569",true,urn:smartsantander:entityType:parkingSensor,urn:x-iot:smartsantander:u7jcfa:fixed:np3855,43.464414288999997,-3.798762569000000,santa_lucia_36_38
-3.798844377,43.464406988,2015-12-24T17:55:53.000Z,"43.464406988,-3.798844377",true,urn:smartsantander:entityType:parkingSensor,urn:x-iot:smartsantander:u7jcfa:fixed:np3854,43.464406988000000,-3.798844377000000,santa_lucia_36_38
-3.798904056,43.464401148,2015-12-24T20:04:03.000Z,"43.464401148,-3.798904056",true,urn:smartsantander:entityType:parkingSensor,urn:x-iot:smartsantander:u7jcfa:fixed:np3853,43.464401148000000,-3.798904056000000,santa_lucia_36_38
-3.798975805,43.464393848,2015-12-28T08:10:38.000Z,"43.464393848,-3.798975805",false,urn:smartsantander:entityType:parkingSensor,urn:x-iot:smartsantander:u7jcfa:fixed:np3852,43.464393848000000,-3.798975805000000,santa_lucia_36_38
-3.79910321,43.464382654,2015-12-27T18:47:24.000Z,"43.464382654,-3.799103210",true,urn:smartsantander:entityType:parkingSensor,urn:x-iot:smartsantander:u7jcfa:fixed:np3851,43.464382653999998,-3.799103210000000,santa_lucia_32_34
-3.797010183,43.464051448,2015-12-28T06:33:58.000Z,"43.464051448,-3.797010183",true,urn:smartsantander:entityType:parkingSensor,urn:x-iot:smartsantander:u7jcfa:fixed:np3850,43.464051447999999,-3.797010183000000,bonifaz_17_21
-3.797063157,43.464046581,2015-12-28T01:23:39.000Z,"43.464046581,-3.797063157",true,urn:smartsantander:entityType:parkingSensor,urn:x-iot:smartsantander:u7jcfa:fixed:np3849,43.464046580999998,-3.797063157000000,bonifaz_17_21
-3.797136918,43.464037334,2015-12-28T08:14:52.000Z,"43.464037334,-3.797136918",true,urn:smartsantander:entityType:parkingSensor,urn:x-iot:smartsantander:u7jcfa:fixed:np3848,43.464037333999997,-3.797136918000000,bonifaz_17_21
-3.79721269,43.464030034,2015-12-28T08:14:48.000Z,"43.464030034,-3.797212690",true,urn:smartsantander:entityType:parkingSensor,urn:x-iot:smartsantander:u7jcfa:fixed:np3847,43.464030033999997,-3.797212690000000,bonifaz_17_21
-3.797288463,43.46402468,2015-12-28T08:31:02.000Z,"43.464024680,-3.797288463",true,urn:smartsantander:entityType:parkingSensor,urn:x-iot:smartsantander:u7jcfa:fixed:np3846,43.464024680000001,-3.797288463000000,bonifaz_17_21
-3.797441092,43.464010059,2015-12-26T17:56:15.000Z,"43.464010059,-3.797441092",true,urn:smartsantander:entityType:parkingSensor,urn:x-iot:smartsantander:u7jcfa:fixed:np3845,43.464010059000003,-3.797441092000000,bonifaz_7_15
-3.797539664,43.464000812,2015-12-28T08:06:18.000Z,"43.464000812,-3.797539664",false,urn:smartsantander:entityType:parkingSensor,urn:x-iot:smartsantander:u7jcfa:fixed:np3844,43.464000812000002,-3.797539664000000,bonifaz_7_15
-3.797612754,43.463993512,2015-12-28T08:23:16.000Z,"43.463993512,-3.797612754",true,urn:smartsantander:entityType:parkingSensor,urn:x-iot:smartsantander:u7jcfa:fixed:np3843,43.463993512000002,-3.797612754000000,bonifaz_7_15
-3.797665727,43.463990592,2015-12-28T06:52:16.000Z,"43.463990592,-3.797665727",true,urn:smartsantander:entityType:parkingSensor,urn:x-iot:smartsantander:u7jcfa:fixed:np3842,43.463990592000002,-3.797665727000000,bonifaz_7_15
-3.798125982,43.463941943,1970-01-01T00:00:08.000Z,"43.463941943,-3.798125982",true,urn:smartsantander:entityType:parkingSensor,urn:x-iot:smartsantander:u7jcfa:fixed:np3841,43.463941943000002,-3.798125982000000,bonifaz_5_7
-3.79818365,43.463935129,2014-12-06T01:24:54.000Z,"43.463935129,-3.798183650",true,urn:smartsantander:entityType:parkingSensor,urn:x-iot:smartsantander:u7jcfa:fixed:np3840,43.463935128999999,-3.798183650000000,bonifaz_5_7
-3.798237294,43.463930262,2015-04-11T22:54:37.000Z,"43.463930262,-3.798237294",true,urn:smartsantander:entityType:parkingSensor,urn:x-iot:smartsantander:u7jcfa:fixed:np3839,43.463930261999998,-3.798237294000000,bonifaz_5_7
-3.798297644,43.463923935,2015-12-28T07:51:42.000Z,"43.463923935,-3.798297644",true,urn:smartsantander:entityType:parkingSensor,urn:x-iot:smartsantander:u7jcfa:fixed:np3838,43.463923934999997,-3.798297644000000,bonifaz_5_7
-3.798343241,43.463919555,1970-01-01T00:00:08.000Z,"43.463919555,-3.798343241",true,urn:smartsantander:entityType:parkingSensor,urn:x-iot:smartsantander:u7jcfa:fixed:np3837,43.463919554999997,-3.798343241000000,bonifaz_5_7
-3.79874934,43.463880113,2015-11-24T18:34:49.000Z,"43.463880113,-3.798749340",true,urn:smartsantander:entityType:parkingSensor,urn:x-iot:smartsantander:u7jcfa:fixed:np3836,43.463880113000002,-3.798749340000000,bonifaz_6_10
-3.798815054,43.463874272,2015-12-27T15:13:41.000Z,"43.463874272,-3.798815054",true,urn:smartsantander:entityType:parkingSensor,urn:x-iot:smartsantander:u7jcfa:fixed:np3835,43.463874271999998,-3.798815054000000,bonifaz_6_10
-3.79888278,43.463867459,2015-12-26T16:03:36.000Z,"43.463867459,-3.798882780",true,urn:smartsantander:entityType:parkingSensor,urn:x-iot:smartsantander:u7jcfa:fixed:np3834,43.463867458999999,-3.798882780000000,bonifaz_6_10
-3.798937765,43.463861618,2015-12-27T21:42:34.000Z,"43.463861618,-3.798937765",true,urn:smartsantander:entityType:parkingSensor,urn:x-iot:smartsantander:u7jcfa:fixed:np3833,43.463861618000003,-3.798937765000000,bonifaz_6_10
-3.798999456,43.463856265,2015-12-27T20:13:55.000Z,"43.463856265,-3.798999456",true,urn:smartsantander:entityType:parkingSensor,urn:x-iot:smartsantander:u7jcfa:fixed:np3832,43.463856264999997,-3.798999456000000,bonifaz_6_10
-3.799055782,43.463853344,2015-12-27T17:54:08.000Z,"43.463853344,-3.799055782",true,urn:smartsantander:entityType:parkingSensor,urn:x-iot:smartsantander:u7jcfa:fixed:np3831,43.463853344000000,-3.799055782000000,bonifaz_6_10
-3.799114791,43.463844584,2015-12-28T05:57:18.000Z,"43.463844584,-3.799114791",true,urn:smartsantander:entityType:parkingSensor,urn:x-iot:smartsantander:u7jcfa:fixed:np3830,43.463844584000000,-3.799114791000000,bonifaz_6_10
-3.798130239,43.463133312,2015-12-27T22:55:31.000Z,"43.463133312,-3.798130239",true,urn:smartsantander:entityType:parkingSensor,urn:x-iot:smartsantander:u7jcfa:fixed:np3829,43.463133311999997,-3.798130239000000,hernan_cortes_53_55
-3.798024291,43.463144993,2015-12-26T16:21:40.000Z,"43.463144993,-3.798024291",true,urn:smartsantander:entityType:parkingSensor,urn:x-iot:smartsantander:u7jcfa:fixed:np3828,43.463144993000000,-3.798024291000000,hernan_cortes_53_55
-3.797963271,43.463149373,2015-12-27T22:37:01.000Z,"43.463149373,-3.797963271",true,urn:smartsantander:entityType:parkingSensor,urn:x-iot:smartsantander:u7jcfa:fixed:np3827,43.463149373000000,-3.797963271000000,hernan_cortes_53_55
-3.799650799,43.463124161,2015-12-28T06:05:18.000Z,"43.463124161,-3.799650799",false,urn:smartsantander:entityType:parkingSensor,urn:x-iot:smartsantander:u7jcfa:fixed:np3821,43.463124161000003,-3.799650799000000,lope_de_vega_6
-3.799659517,43.463174777,2015-12-28T06:50:00.000Z,"43.463174777,-3.799659517",false,urn:smartsantander:entityType:parkingSensor,urn:x-iot:smartsantander:u7jcfa:fixed:np3820,43.463174776999999,-3.799659517000000,lope_de_vega_6
-3.799855337,43.464240284,2015-12-27T22:44:17.000Z,"43.464240284,-3.799855337",true,urn:smartsantander:entityType:parkingSensor,urn:x-iot:smartsantander:u7jcfa:fixed:np3804,43.464240283999999,-3.799855337000000,lope_de_vega_14
-3.799587097,43.463131948,2015-12-28T07:31:32.000Z,"43.463131948,-3.799587097",true,urn:smartsantander:entityType:parkingSensor,urn:x-iot:smartsantander:u7jcfa:fixed:np3798,43.463131947999997,-3.799587097000000,lope_de_vega_6
-3.799593802,43.463174291,2015-12-23T12:23:12.000Z,"43.463174291,-3.799593802",true,urn:smartsantander:entityType:parkingSensor,urn:x-iot:smartsantander:u7jcfa:fixed:np3797,43.463174291000001,-3.799593802000000,lope_de_vega_6
-3.799603861,43.46321858,2015-12-28T07:08:36.000Z,"43.463218580,-3.799603861",false,urn:smartsantander:entityType:parkingSensor,urn:x-iot:smartsantander:u7jcfa:fixed:np3796,43.463218580000003,-3.799603861000000,lope_de_vega_6
-3.799608555,43.463258976,2015-11-13T17:26:02.000Z,"43.463258976,-3.799608555",true,urn:smartsantander:entityType:parkingSensor,urn:x-iot:smartsantander:u7jcfa:fixed:np3795,43.463258975999999,-3.799608555000000,lope_de_vega_6
-3.799646539,43.463476157,2015-12-24T19:13:34.000Z,"43.463476157,-3.799646539",true,urn:smartsantander:entityType:parkingSensor,urn:x-iot:smartsantander:u7jcfa:fixed:np3794,43.463476157000002,-3.799646539000000,lope_de_vega_10
-3.799656597,43.463517039,2015-12-26T21:08:22.000Z,"43.463517039,-3.799656597",true,urn:smartsantander:entityType:parkingSensor,urn:x-iot:smartsantander:u7jcfa:fixed:np3793,43.463517039000003,-3.799656597000000,lope_de_vega_10
-3.799664644,43.463549161,2015-12-27T20:26:45.000Z,"43.463549161,-3.799664644",true,urn:smartsantander:entityType:parkingSensor,urn:x-iot:smartsantander:u7jcfa:fixed:np3792,43.463549161000003,-3.799664644000000,lope_de_vega_10
-3.79967269,43.46359053,2015-12-28T04:45:19.000Z,"43.463590530,-3.799672690",false,urn:smartsantander:entityType:parkingSensor,urn:x-iot:smartsantander:u7jcfa:fixed:np3791,43.463590529999998,-3.799672690000000,lope_de_vega_10
-3.79779313,43.463166346,2015-12-28T05:47:41.000Z,"43.463166346,-3.797793130",true,urn:smartsantander:entityType:parkingSensor,urn:x-iot:smartsantander:u7jcfa:fixed:np3651,43.463166346000001,-3.797793130000000,hernan_cortes_53_55
-3.798412289,43.463583602,2015-12-28T07:00:03.000Z,"43.463583602,-3.798412289",true,urn:smartsantander:entityType:parkingSensor,urn:x-iot:smartsantander:u7jcfa:fixed:np3752,43.463583602000000,-3.798412289000000,gandara_11
-3.799679396,43.463628979,2015-10-08T11:06:22.000Z,"43.463628979,-3.799679396",true,urn:smartsantander:entityType:parkingSensor,urn:x-iot:smartsantander:u7jcfa:fixed:np3790,43.463628978999999,-3.799679396000000,lope_de_vega_10
-3.79968409,43.463671321,2015-12-27T07:38:34.000Z,"43.463671321,-3.799684090",true,urn:smartsantander:entityType:parkingSensor,urn:x-iot:smartsantander:u7jcfa:fixed:np3789,43.463671321000000,-3.799684090000000,lope_de_vega_10
